{"cameraMode":{"drawMode":0,"name":"Shaded","section":"Shading Mode"},"sceneLighting":true,"audioPlay":false,"sceneViewState":{"m_AlwaysRefresh":false,"showFog":true,"showSkybox":true,"showFlares":true,"showImageEffects":true,"showParticleSystems":true,"showVisualEffectGraphs":true,"m_FxEnabled":true},"in2DMode":false,"pivot":{"x":4.014727592468262,"y":1.3936777114868165,"z":1.3342783451080323},"rotation":{"x":-0.09011329710483551,"y":0.6450511813163757,"z":-0.07700081169605255,"w":-0.7548937797546387},"size":1.3701881170272828,"orthographic":false}